iter	Logloss
0	0.6889105439
1	0.6845679283
2	0.6808244586
3	0.6774873734
4	0.6739598513
5	0.6692253351
6	0.6648458242
7	0.6591467857
8	0.6562722921
9	0.6541682482
10	0.6512813568
